<?xml version="1.0"?>
<doc>
    <assembly>
        <name>Microsoft.TeamFoundation.Policy.WebApi</name>
    </assembly>
    <members>
        <member name="M:Microsoft.TeamFoundation.Policy.WebApi.PolicyHttpClient.CreatePolicyConfigurationAsync(Microsoft.TeamFoundation.Policy.WebApi.PolicyConfiguration,System.String,System.Nullable{System.Int32},System.Object,System.Threading.CancellationToken)">
            <summary>
            [Preview API]
            </summary>
            <param name="configuration"></param>
            <param name="project">Project ID or project name</param>
            <param name="configurationId"></param>
            <param name="userState"></param>
            <param name="cancellationToken">The cancellation token to cancel operation.</param>
        </member>
        <member name="M:Microsoft.TeamFoundation.Policy.WebApi.PolicyHttpClient.CreatePolicyConfigurationAsync(Microsoft.TeamFoundation.Policy.WebApi.PolicyConfiguration,System.Guid,System.Nullable{System.Int32},System.Object,System.Threading.CancellationToken)">
            <summary>
            [Preview API]
            </summary>
            <param name="configuration"></param>
            <param name="project">Project ID</param>
            <param name="configurationId"></param>
            <param name="userState"></param>
            <param name="cancellationToken">The cancellation token to cancel operation.</param>
        </member>
        <member name="M:Microsoft.TeamFoundation.Policy.WebApi.PolicyHttpClient.DeletePolicyConfigurationAsync(System.String,System.Int32,System.Object,System.Threading.CancellationToken)">
            <summary>
            [Preview API]
            </summary>
            <param name="project">Project ID or project name</param>
            <param name="configurationId"></param>
            <param name="userState"></param>
            <param name="cancellationToken">The cancellation token to cancel operation.</param>
        </member>
        <member name="M:Microsoft.TeamFoundation.Policy.WebApi.PolicyHttpClient.DeletePolicyConfigurationAsync(System.Guid,System.Int32,System.Object,System.Threading.CancellationToken)">
            <summary>
            [Preview API]
            </summary>
            <param name="project">Project ID</param>
            <param name="configurationId"></param>
            <param name="userState"></param>
            <param name="cancellationToken">The cancellation token to cancel operation.</param>
        </member>
        <member name="M:Microsoft.TeamFoundation.Policy.WebApi.PolicyHttpClient.GetPolicyConfigurationAsync(System.String,System.Int32,System.Object,System.Threading.CancellationToken)">
            <summary>
            [Preview API]
            </summary>
            <param name="project">Project ID or project name</param>
            <param name="configurationId"></param>
            <param name="userState"></param>
            <param name="cancellationToken">The cancellation token to cancel operation.</param>
        </member>
        <member name="M:Microsoft.TeamFoundation.Policy.WebApi.PolicyHttpClient.GetPolicyConfigurationAsync(System.Guid,System.Int32,System.Object,System.Threading.CancellationToken)">
            <summary>
            [Preview API]
            </summary>
            <param name="project">Project ID</param>
            <param name="configurationId"></param>
            <param name="userState"></param>
            <param name="cancellationToken">The cancellation token to cancel operation.</param>
        </member>
        <member name="M:Microsoft.TeamFoundation.Policy.WebApi.PolicyHttpClient.GetPolicyConfigurationsAsync(System.String,System.Object,System.Threading.CancellationToken)">
            <summary>
            [Preview API]
            </summary>
            <param name="project">Project ID or project name</param>
            <param name="userState"></param>
            <param name="cancellationToken">The cancellation token to cancel operation.</param>
        </member>
        <member name="M:Microsoft.TeamFoundation.Policy.WebApi.PolicyHttpClient.GetPolicyConfigurationsAsync(System.Guid,System.Object,System.Threading.CancellationToken)">
            <summary>
            [Preview API]
            </summary>
            <param name="project">Project ID</param>
            <param name="userState"></param>
            <param name="cancellationToken">The cancellation token to cancel operation.</param>
        </member>
        <member name="M:Microsoft.TeamFoundation.Policy.WebApi.PolicyHttpClient.UpdatePolicyConfigurationAsync(Microsoft.TeamFoundation.Policy.WebApi.PolicyConfiguration,System.String,System.Int32,System.Object,System.Threading.CancellationToken)">
            <summary>
            [Preview API]
            </summary>
            <param name="configuration"></param>
            <param name="project">Project ID or project name</param>
            <param name="configurationId"></param>
            <param name="userState"></param>
            <param name="cancellationToken">The cancellation token to cancel operation.</param>
        </member>
        <member name="M:Microsoft.TeamFoundation.Policy.WebApi.PolicyHttpClient.UpdatePolicyConfigurationAsync(Microsoft.TeamFoundation.Policy.WebApi.PolicyConfiguration,System.Guid,System.Int32,System.Object,System.Threading.CancellationToken)">
            <summary>
            [Preview API]
            </summary>
            <param name="configuration"></param>
            <param name="project">Project ID</param>
            <param name="configurationId"></param>
            <param name="userState"></param>
            <param name="cancellationToken">The cancellation token to cancel operation.</param>
        </member>
        <member name="M:Microsoft.TeamFoundation.Policy.WebApi.PolicyHttpClient.GetPolicyEvaluationAsync(System.String,System.Guid,System.Object,System.Threading.CancellationToken)">
            <summary>
            [Preview API]
            </summary>
            <param name="project">Project ID or project name</param>
            <param name="evaluationId"></param>
            <param name="userState"></param>
            <param name="cancellationToken">The cancellation token to cancel operation.</param>
        </member>
        <member name="M:Microsoft.TeamFoundation.Policy.WebApi.PolicyHttpClient.GetPolicyEvaluationAsync(System.Guid,System.Guid,System.Object,System.Threading.CancellationToken)">
            <summary>
            [Preview API]
            </summary>
            <param name="project">Project ID</param>
            <param name="evaluationId"></param>
            <param name="userState"></param>
            <param name="cancellationToken">The cancellation token to cancel operation.</param>
        </member>
        <member name="M:Microsoft.TeamFoundation.Policy.WebApi.PolicyHttpClient.RequeuePolicyEvaluationAsync(System.String,System.Guid,System.Object,System.Threading.CancellationToken)">
            <summary>
            [Preview API]
            </summary>
            <param name="project">Project ID or project name</param>
            <param name="evaluationId"></param>
            <param name="userState"></param>
            <param name="cancellationToken">The cancellation token to cancel operation.</param>
        </member>
        <member name="M:Microsoft.TeamFoundation.Policy.WebApi.PolicyHttpClient.RequeuePolicyEvaluationAsync(System.Guid,System.Guid,System.Object,System.Threading.CancellationToken)">
            <summary>
            [Preview API]
            </summary>
            <param name="project">Project ID</param>
            <param name="evaluationId"></param>
            <param name="userState"></param>
            <param name="cancellationToken">The cancellation token to cancel operation.</param>
        </member>
        <member name="M:Microsoft.TeamFoundation.Policy.WebApi.PolicyHttpClient.GetPolicyEvaluationsAsync(System.String,System.String,System.Nullable{System.Boolean},System.Nullable{System.Int32},System.Nullable{System.Int32},System.Object,System.Threading.CancellationToken)">
            <summary>
            [Preview API]
            </summary>
            <param name="project">Project ID or project name</param>
            <param name="artifactId"></param>
            <param name="includeNotApplicable"></param>
            <param name="top"></param>
            <param name="skip"></param>
            <param name="userState"></param>
            <param name="cancellationToken">The cancellation token to cancel operation.</param>
        </member>
        <member name="M:Microsoft.TeamFoundation.Policy.WebApi.PolicyHttpClient.GetPolicyEvaluationsAsync(System.Guid,System.String,System.Nullable{System.Boolean},System.Nullable{System.Int32},System.Nullable{System.Int32},System.Object,System.Threading.CancellationToken)">
            <summary>
            [Preview API]
            </summary>
            <param name="project">Project ID</param>
            <param name="artifactId"></param>
            <param name="includeNotApplicable"></param>
            <param name="top"></param>
            <param name="skip"></param>
            <param name="userState"></param>
            <param name="cancellationToken">The cancellation token to cancel operation.</param>
        </member>
        <member name="M:Microsoft.TeamFoundation.Policy.WebApi.PolicyHttpClient.GetPolicyConfigurationRevisionAsync(System.String,System.Int32,System.Int32,System.Object,System.Threading.CancellationToken)">
            <summary>
            [Preview API]
            </summary>
            <param name="project">Project ID or project name</param>
            <param name="configurationId"></param>
            <param name="revisionId"></param>
            <param name="userState"></param>
            <param name="cancellationToken">The cancellation token to cancel operation.</param>
        </member>
        <member name="M:Microsoft.TeamFoundation.Policy.WebApi.PolicyHttpClient.GetPolicyConfigurationRevisionAsync(System.Guid,System.Int32,System.Int32,System.Object,System.Threading.CancellationToken)">
            <summary>
            [Preview API]
            </summary>
            <param name="project">Project ID</param>
            <param name="configurationId"></param>
            <param name="revisionId"></param>
            <param name="userState"></param>
            <param name="cancellationToken">The cancellation token to cancel operation.</param>
        </member>
        <member name="M:Microsoft.TeamFoundation.Policy.WebApi.PolicyHttpClient.GetPolicyConfigurationRevisionsAsync(System.String,System.Int32,System.Nullable{System.Int32},System.Nullable{System.Int32},System.Object,System.Threading.CancellationToken)">
            <summary>
            [Preview API]
            </summary>
            <param name="project">Project ID or project name</param>
            <param name="configurationId"></param>
            <param name="top"></param>
            <param name="skip"></param>
            <param name="userState"></param>
            <param name="cancellationToken">The cancellation token to cancel operation.</param>
        </member>
        <member name="M:Microsoft.TeamFoundation.Policy.WebApi.PolicyHttpClient.GetPolicyConfigurationRevisionsAsync(System.Guid,System.Int32,System.Nullable{System.Int32},System.Nullable{System.Int32},System.Object,System.Threading.CancellationToken)">
            <summary>
            [Preview API]
            </summary>
            <param name="project">Project ID</param>
            <param name="configurationId"></param>
            <param name="top"></param>
            <param name="skip"></param>
            <param name="userState"></param>
            <param name="cancellationToken">The cancellation token to cancel operation.</param>
        </member>
        <member name="M:Microsoft.TeamFoundation.Policy.WebApi.PolicyHttpClient.GetPolicyTypeAsync(System.String,System.Guid,System.Object,System.Threading.CancellationToken)">
            <summary>
            [Preview API]
            </summary>
            <param name="project">Project ID or project name</param>
            <param name="typeId"></param>
            <param name="userState"></param>
            <param name="cancellationToken">The cancellation token to cancel operation.</param>
        </member>
        <member name="M:Microsoft.TeamFoundation.Policy.WebApi.PolicyHttpClient.GetPolicyTypeAsync(System.Guid,System.Guid,System.Object,System.Threading.CancellationToken)">
            <summary>
            [Preview API]
            </summary>
            <param name="project">Project ID</param>
            <param name="typeId"></param>
            <param name="userState"></param>
            <param name="cancellationToken">The cancellation token to cancel operation.</param>
        </member>
        <member name="M:Microsoft.TeamFoundation.Policy.WebApi.PolicyHttpClient.GetPolicyTypesAsync(System.String,System.Object,System.Threading.CancellationToken)">
            <summary>
            [Preview API]
            </summary>
            <param name="project">Project ID or project name</param>
            <param name="userState"></param>
            <param name="cancellationToken">The cancellation token to cancel operation.</param>
        </member>
        <member name="M:Microsoft.TeamFoundation.Policy.WebApi.PolicyHttpClient.GetPolicyTypesAsync(System.Guid,System.Object,System.Threading.CancellationToken)">
            <summary>
            [Preview API]
            </summary>
            <param name="project">Project ID</param>
            <param name="userState"></param>
            <param name="cancellationToken">The cancellation token to cancel operation.</param>
        </member>
    </members>
</doc>
