{
  "TelemetryEnableTrace": true,
  "Source": {
    "Collection": "http://tfs.bpweb.bp.com:8080/tfs/IST",
    "Name": "Accelerated Migration (CTP)"
  },
  "Target": {
    "Collection": "https://bp-vsts.visualstudio.com/",
    "Name": "Accelerated Migration (CTP)"
  },
  //"SourceReflectedWorkItemIDFieldName": "BP.MigrationID",
  "ReflectedWorkItemIDFieldName": "BP.MigrationID",
  "FieldMaps": [
    {
      "ObjectType": "VstsSyncMigrator.Engine.Configuration.FieldMap.MultiValueConditionalMapConfig",
      "WorkItemTypeName": "*",
      "sourceFieldsAndValues": {
        "Field1": "Value1",
        "Field2": "Value2"
      },
      "targetFieldsAndValues": {
        "Field1": "Value1",
        "Field2": "Value2"
      }
    },
    {
      "ObjectType": "VstsSyncMigrator.Engine.Configuration.FieldMap.FieldBlankMapConfig",
      "WorkItemTypeName": "*",
      "targetField": "BP.MigrationID"
    },
    {
      "ObjectType": "VstsSyncMigrator.Engine.Configuration.FieldMap.FieldValueMapConfig",
      "WorkItemTypeName": "*",
      "sourceField": "System.State",
      "targetField": "System.State",
      "valueMapping": {
        "Backlog": "Backlog",
        "Candidate Stories": "Candidate Stories",
        "Ready for Development": "Ready for Development",
        "In Development": "In Development",
        "Ready for Testing": "Ready for Testing",
        "In Testing": "In Testing",
        "Ready for Deployment": "Ready for Deployment",
        "Ready": "Ready",
        "Prepare": "Prepare",
        "Descoped": "Removed",
        "Live": "Live",
        "Identified": "Identified",
        "Review": "Review",
        "In Progress": "In Progress",
        "Implement": "Implement",
        "Removed": "Removed",
        "Done": "Done",
        "Active": "Active",
        "Closed": "Closed",
        "To Do": "To Do"
      }
    },
    {
      "ObjectType": "VstsSyncMigrator.Engine.Configuration.FieldMap.FieldtoFieldMapConfig",
      "WorkItemTypeName": "*",
      "sourceField": "Microsoft.VSTS.Common.BacklogPriority",
      "targetField": "Microsoft.VSTS.Common.BacklogPriority"
    },
                {
      "ObjectType": "VstsSyncMigrator.Engine.Configuration.FieldMap.FieldtoFieldMapConfig",
      "WorkItemTypeName": "*",
      "sourceField": "System.State",
      "targetField": "System.State"
    },
    {
      "ObjectType": "VstsSyncMigrator.Engine.Configuration.FieldMap.FieldtoFieldMapConfig",
      "WorkItemTypeName": "*",
      "sourceField": "Attachments",
      "targetField": "Attachments"
    },
    {
      "ObjectType": "VstsSyncMigrator.Engine.Configuration.FieldMap.FieldtoFieldMapConfig",
      "WorkItemTypeName": "*",
      "sourceField": "Links",
      "targetField": "Links"
    },
    {
      "ObjectType": "VstsSyncMigrator.Engine.Configuration.FieldMap.FieldtoFieldMapConfig",
      "WorkItemTypeName": "*",
      "sourceField": "BP.Contributor1",
      "targetField": "BP.Contributor1"
    },
    {
      "ObjectType": "VstsSyncMigrator.Engine.Configuration.FieldMap.FieldtoFieldMapConfig",
      "WorkItemTypeName": "*",
      "sourceField": "BP.Contributor2",
      "targetField": "BP.Contributor2"
    },
    {
      "ObjectType": "VstsSyncMigrator.Engine.Configuration.FieldMap.FieldtoFieldMapConfig",
      "WorkItemTypeName": "*",
      "sourceField": "BP.RequestedBy",
      "targetField": "BP.RequestedBy"
    },
    {
      "ObjectType": "VstsSyncMigrator.Engine.Configuration.FieldMap.FieldtoFieldMapConfig",
      "WorkItemTypeName": "*",
      "sourceField": "BP.Notes",
      "targetField": "BP.Notes"
    },
    {
      "ObjectType": "VstsSyncMigrator.Engine.Configuration.FieldMap.FieldtoTagMapConfig",
      "WorkItemTypeName": "*",
      "sourceField": "System.Tags",
      "targetField": "System.Tags"
    },
                {
      "ObjectType": "VstsSyncMigrator.Engine.Configuration.FieldMap.FieldtoFieldMapConfig",
      "WorkItemTypeName": "*",
      "sourceField": "System.BoardColumn",
      "targetField": "System.BoardColumn"
    },
                {
      "ObjectType": "VstsSyncMigrator.Engine.Configuration.FieldMap.FieldtoFieldMapConfig",
      "WorkItemTypeName": "*",
      "sourceField": "System.BoardColumnDone",
      "targetField": "System.BoardColumnDone"
    },
                {
      "ObjectType": "VstsSyncMigrator.Engine.Configuration.FieldMap.FieldtoFieldMapConfig",
      "WorkItemTypeName": "*",
      "sourceField": "System.BoardLane",
      "targetField": "System.BoardLane"
    },
                {
      "ObjectType": "VstsSyncMigrator.Engine.Configuration.FieldMap.FieldtoFieldMapConfig",
      "WorkItemTypeName": "*",
      "sourceField": "Microsoft.VSTS.Common.ClosedDate",
      "targetField": "BP.TFSClosedDate"
    },
    {
      "ObjectType": "VstsSyncMigrator.Engine.Configuration.FieldMap.FieldtoFieldMapConfig",
      "WorkItemTypeName": "*",
      "sourceField": "System.Description",
      "targetField": "System.Description",
      "formatExpression": "{0} <br/><br/><h3>Description</h3>{1}",
      "doneMatch": "##DONE##"
    },
    {
      "ObjectType": "VstsSyncMigrator.Engine.Configuration.FieldMap.FieldMergeMapConfig",
      "WorkItemTypeName": "*",
      "sourceField": "Microsoft.VSTS.Common.AcceptanceCriteria",
      "targetField": "Microsoft.VSTS.Common.AcceptanceCriteria",
      "formatExpression": "{0} <br/><br/><h3>Acceptance Criteria</h3>{1}",
      "doneMatch": "##DONE##"
    },
    {
      "ObjectType": "VstsSyncMigrator.Engine.Configuration.FieldMap.FieldValuetoTagMapConfig",
      "WorkItemTypeName": "*",
      "sourceField": "Microsoft.VSTS.CMMI.Blocked",
      "pattern": "Yes",
      "formatExpression": "{0}"
    }
  ],
  "WorkItemTypeDefinition": {
    "Bug": "Bug",
    "Product Backlog Item": "Product Backlog Item",
    "Epic": "BP Epic",
    "Goal": "Goal",
    "Task": "Task",
    "Support": "Support",
    "Test Plan": "Test Plan",
    "Test Case": "Test Case",
    "Test Suite": "Test Suite",
    "Code Review Request": "Code Review Request",
    "Code Review Response": "Code Review Response",
    "Shared Steps": "Shared Steps",
    "Shared Parameter": "Shared Parameter",
    "Sprint Retrospective": "Retrospective",
    "Impediment": "Impediment",
    "Initiative": "Initiative",
    "Known Error": "Known Error"
  },
  "Processors": [
    {
      "ObjectType": "VstsSyncMigrator.Engine.Configuration.Processing.NodeStructuresMigrationConfig",
      "PrefixProjectToNodes": false,
      "Enabled": true
    },
    {
      "ObjectType": "VstsSyncMigrator.Engine.Configuration.Processing.WorkItemMigrationConfig",
      "PrefixProjectToNodes": true,
      "UpdateCreatedDate": true,
      "UpdateCreatedBy": true,
      "UpdateSoureReflectedId": true,
      "QueryBit": "AND [BP.MigrationID] = '' AND  [Microsoft.VSTS.Common.ClosedDate] = '' AND [System.WorkItemType] IN ('Shared Steps', 'Shared Parameter', 'Test Case', 'Requirement', 'Task', 'User Story', 'Bug')",
      "Enabled": false
    },
    {
      "ObjectType": "VstsSyncMigrator.Engine.Configuration.Processing.WorkItemRevisionReplayMigrationConfig",
      "Enabled": true,
      "PrefixProjectToNodes": false,
      "UpdateSoureReflectedId": true,
      "QueryBit": "AND [System.WorkItemType] <> '' AND [System.Tags] CONTAINS 'TemplateMigration'" 
    },
    {
      "ObjectType": "VstsSyncMigrator.Engine.Configuration.Processing.WorkItemUpdateConfig",
      "WhatIf": false,
      "QueryBit": "AND [TfsMigrationTool.BP.MigrationID] = '' AND  [Microsoft.VSTS.Common.ClosedDate] = '' AND [System.WorkItemType] IN ('Shared Steps', 'Shared Parameter', 'Test Case', 'Requirement', 'Task', 'User Story', 'Bug')",
      "Enabled": false
   },
    {
      "ObjectType": "VstsSyncMigrator.Engine.Configuration.Processing.LinkMigrationConfig",
      "QueryBit": "AND [System.WorkItemType] <> '' AND [System.Tags] CONTAINS 'TemplateMigration'",
      "Enabled": true
    },
    {
      "ObjectType": "VstsSyncMigrator.Engine.Configuration.Processing.WorkItemPostProcessingConfig",
      "QueryBit": "AND [BP.MigrationID] = '' ",
      "WorkItemIDs": [
        1,
        2,
        3
      ],
      "Enabled": false
    },
    {
      "ObjectType": "VstsSyncMigrator.Engine.Configuration.Processing.WorkItemDeleteConfig",
      "Enabled": false
    },
    {
      "ObjectType": "VstsSyncMigrator.Engine.Configuration.Processing.AttachementExportMigrationConfig",
      "QueryBit": "AND [System.WorkItemType] <> '' AND [System.Tags] CONTAINS 'TemplateMigration'",
      "Enabled": true
    },
    {
      "ObjectType": "VstsSyncMigrator.Engine.Configuration.Processing.AttachementImportMigrationConfig",
      "Enabled": true
    },
    {
      "ObjectType": "VstsSyncMigrator.Engine.Configuration.Processing.WorkItemQueryMigrationConfig",
      "PrefixProjectToNodes": false,
      "SharedFolderName": "Shared Queries",
      "Enabled": false
    },
    {
      "ObjectType": "VstsSyncMigrator.Engine.Configuration.Processing.TestVariablesMigrationConfig",
      "Enabled": false
    },
    {
      "ObjectType": "VstsSyncMigrator.Engine.Configuration.Processing.TestConfigurationsMigrationConfig",
      "Enabled": false
    },
    {
      "ObjectType": "VstsSyncMigrator.Engine.Configuration.Processing.TestPlansAndSuitesMigrationConfig",
      "PrefixProjectToNodes": true,
      "Enabled": false,
      "OnlyElementsWithTag": ""
    },
    {
      "ObjectType": "VstsSyncMigrator.Engine.Configuration.Processing.ImportProfilePictureConfig",
      "Enabled": false
    },
    {
      "ObjectType": "VstsSyncMigrator.Engine.Configuration.Processing.ExportProfilePictureFromADConfig",
      "Domain": null,
      "Username": null,
      "Password": null,
      "PictureEmpIDFormat": null,
      "Enabled": false
    },
    {
      "ObjectType": "VstsSyncMigrator.Engine.Configuration.Processing.FixGitCommitLinksConfig",
      "TargetRepository": "DemoProjt",
      "Enabled": false
    }
  ]
}